user_first_name,user_last_name,description,flag_id
John,Smith,,c9SCnOG
Jane,Doe,regular reviewer,GJS24c5
Emmett,Lynch,novice,AN3ysvU
Adyson,Sanchez,expert reviewer,iWkr5Ql
Anastasia,,regular reviewer,fPJS79I
Rory,Howell,regular reviewer,xL6HhJa
Danna,Landry,novice,f9GTlnF
Landon,Velasquez,novice,cqfZYSx
Ella,,,vWGufUE
Jaylene,,,PaOJ5H1
Wyatt,Espinoza,novice,edhLERE
Kaylynn,Koch,regular reviewer,AzxPUoP
,Castaneda,novice,umaiugB
Koen,Walter,expert reviewer,xo6ENCe
Killian,Collins,expert reviewer,sleWZ0Y
Quinn,Hawkins,novice,883qvxY
,,,jHAa9Go
Elaina,Rivera,expert reviewer,N17kABg
Sophia,Manning,novice,yVN66vF
Kiley,Spencer,regular reviewer,cmelYM6